arquivo;modelo;url
1500.PNG;1500;https://raw.githubusercontent.com/rogersalles/car_models/main/1500.PNG
1500_LIMITED.PNG;1500_LIMITED;https://raw.githubusercontent.com/rogersalles/car_models/main/1500_LIMITED.PNG
1500_LIMITED_NIGHT_EDITION.PNG;1500_LIMITED_NIGHT_EDITION;https://raw.githubusercontent.com/rogersalles/car_models/main/1500_LIMITED_NIGHT_EDITION.PNG
1500_REBEL.PNG;1500_REBEL;https://raw.githubusercontent.com/rogersalles/car_models/main/1500_REBEL.PNG
2008.PNG;2008;https://raw.githubusercontent.com/rogersalles/car_models/main/2008.PNG
2008_GRIFFE.PNG;2008_GRIFFE;https://raw.githubusercontent.com/rogersalles/car_models/main/2008_GRIFFE.PNG
2011.PNG;2011;https://raw.githubusercontent.com/rogersalles/car_models/main/2011.PNG
206.PNG;206;https://raw.githubusercontent.com/rogersalles/car_models/main/206.PNG
207.PNG;207;https://raw.githubusercontent.com/rogersalles/car_models/main/207.PNG
208.PNG;208;https://raw.githubusercontent.com/rogersalles/car_models/main/208.PNG
208_ACTIVE_PACK.PNG;208_ACTIVE_PACK;https://raw.githubusercontent.com/rogersalles/car_models/main/208_ACTIVE_PACK.PNG
208_ALLURE.PNG;208_ALLURE;https://raw.githubusercontent.com/rogersalles/car_models/main/208_ALLURE.PNG
208_GRIFFE.PNG;208_GRIFFE;https://raw.githubusercontent.com/rogersalles/car_models/main/208_GRIFFE.PNG
208_LIKE.PNG;208_LIKE;https://raw.githubusercontent.com/rogersalles/car_models/main/208_LIKE.PNG
208_STYLE.PNG;208_STYLE;https://raw.githubusercontent.com/rogersalles/car_models/main/208_STYLE.PNG
2500.PNG;2500;https://raw.githubusercontent.com/rogersalles/car_models/main/2500.PNG
2500_LARAMIE.PNG;2500_LARAMIE;https://raw.githubusercontent.com/rogersalles/car_models/main/2500_LARAMIE.PNG
2500_NIGHT_EDITION.PNG;2500_NIGHT_EDITION;https://raw.githubusercontent.com/rogersalles/car_models/main/2500_NIGHT_EDITION.PNG
3008.PNG;3008;https://raw.githubusercontent.com/rogersalles/car_models/main/3008.PNG
308.PNG;308;https://raw.githubusercontent.com/rogersalles/car_models/main/308.PNG
320.PNG;320;https://raw.githubusercontent.com/rogersalles/car_models/main/320.PNG
320I.PNG;320I;https://raw.githubusercontent.com/rogersalles/car_models/main/320I.PNG
320I_GP.PNG;320I_GP;https://raw.githubusercontent.com/rogersalles/car_models/main/320I_GP.PNG
325I.PNG;325I;https://raw.githubusercontent.com/rogersalles/car_models/main/325I.PNG
328I.PNG;328I;https://raw.githubusercontent.com/rogersalles/car_models/main/328I.PNG
3500.PNG;3500;https://raw.githubusercontent.com/rogersalles/car_models/main/3500.PNG
3500_LARAMIE.PNG;3500_LARAMIE;https://raw.githubusercontent.com/rogersalles/car_models/main/3500_LARAMIE.PNG
3500_LARAMIE_NIGHT_EDITION.PNG;3500_LARAMIE_NIGHT_EDITION;https://raw.githubusercontent.com/rogersalles/car_models/main/3500_LARAMIE_NIGHT_EDITION.PNG
3500_LIMITED_LONGHORN.PNG;3500_LIMITED_LONGHORN;https://raw.githubusercontent.com/rogersalles/car_models/main/3500_LIMITED_LONGHORN.PNG
408.PNG;408;https://raw.githubusercontent.com/rogersalles/car_models/main/408.PNG
5.PNG;5;https://raw.githubusercontent.com/rogersalles/car_models/main/5.PNG
500.PNG;500;https://raw.githubusercontent.com/rogersalles/car_models/main/500.PNG
5008.PNG;5008;https://raw.githubusercontent.com/rogersalles/car_models/main/5008.PNG
500_CULT.PNG;500_CULT;https://raw.githubusercontent.com/rogersalles/car_models/main/500_CULT.PNG
500_SPORT_AIR.PNG;500_SPORT_AIR;https://raw.githubusercontent.com/rogersalles/car_models/main/500_SPORT_AIR.PNG
500E.PNG;500E;https://raw.githubusercontent.com/rogersalles/car_models/main/500E.PNG
500E_ICON.PNG;500E_ICON;https://raw.githubusercontent.com/rogersalles/car_models/main/500E_ICON.PNG
500X.PNG;500X;https://raw.githubusercontent.com/rogersalles/car_models/main/500X.PNG
5_SHS_H.PNG;5_SHS_H;https://raw.githubusercontent.com/rogersalles/car_models/main/5_SHS_H.PNG
5OO_CULT.PNG;5OO_CULT;https://raw.githubusercontent.com/rogersalles/car_models/main/5OO_CULT.PNG
7.PNG;7;https://raw.githubusercontent.com/rogersalles/car_models/main/7.PNG
7_LUXURY.PNG;7_LUXURY;https://raw.githubusercontent.com/rogersalles/car_models/main/7_LUXURY.PNG
7_PHEV.PNG;7_PHEV;https://raw.githubusercontent.com/rogersalles/car_models/main/7_PHEV.PNG
7_PRESTIGE.PNG;7_PRESTIGE;https://raw.githubusercontent.com/rogersalles/car_models/main/7_PRESTIGE.PNG
A_200.PNG;A_200;https://raw.githubusercontent.com/rogersalles/car_models/main/A_200.PNG
A_45.PNG;A_45;https://raw.githubusercontent.com/rogersalles/car_models/main/A_45.PNG
A_45_AMG.PNG;A_45_AMG;https://raw.githubusercontent.com/rogersalles/car_models/main/A_45_AMG.PNG
A_45_S.PNG;A_45_S;https://raw.githubusercontent.com/rogersalles/car_models/main/A_45_S.PNG
ACCOR.PNG;ACCOR;https://raw.githubusercontent.com/rogersalles/car_models/main/ACCOR.PNG
ACCORD.PNG;ACCORD;https://raw.githubusercontent.com/rogersalles/car_models/main/ACCORD.PNG
ACCORD_HYBRID.PNG;ACCORD_HYBRID;https://raw.githubusercontent.com/rogersalles/car_models/main/ACCORD_HYBRID.PNG
ADV.PNG;ADV;https://raw.githubusercontent.com/rogersalles/car_models/main/ADV.PNG
ADV_150.PNG;ADV_150;https://raw.githubusercontent.com/rogersalles/car_models/main/ADV_150.PNG
ADV_160.PNG;ADV_160;https://raw.githubusercontent.com/rogersalles/car_models/main/ADV_160.PNG
ADV_190_ABS.PNG;ADV_190_ABS;https://raw.githubusercontent.com/rogersalles/car_models/main/ADV_190_ABS.PNG
ADV_ABS.PNG;ADV_ABS;https://raw.githubusercontent.com/rogersalles/car_models/main/ADV_ABS.PNG
AFRICA.PNG;AFRICA;https://raw.githubusercontent.com/rogersalles/car_models/main/AFRICA.PNG
AGILE-1.PNG;AGILE-1;https://raw.githubusercontent.com/rogersalles/car_models/main/AGILE-1.PNG
AGILE.PNG;AGILE;https://raw.githubusercontent.com/rogersalles/car_models/main/AGILE.PNG
AGILE_LTZ.PNG;AGILE_LTZ;https://raw.githubusercontent.com/rogersalles/car_models/main/AGILE_LTZ.PNG
AION-1.PNG;AION-1;https://raw.githubusercontent.com/rogersalles/car_models/main/AION-1.PNG
AION.PNG;AION;https://raw.githubusercontent.com/rogersalles/car_models/main/AION.PNG
AION_ES.PNG;AION_ES;https://raw.githubusercontent.com/rogersalles/car_models/main/AION_ES.PNG
AION_ES_PLUS.PNG;AION_ES_PLUS;https://raw.githubusercontent.com/rogersalles/car_models/main/AION_ES_PLUS.PNG
AION_T.PNG;AION_T;https://raw.githubusercontent.com/rogersalles/car_models/main/AION_T.PNG
AION_V_E.PNG;AION_V_E;https://raw.githubusercontent.com/rogersalles/car_models/main/AION_V_E.PNG
AION_V_ELITE.PNG;AION_V_ELITE;https://raw.githubusercontent.com/rogersalles/car_models/main/AION_V_ELITE.PNG
AION_Y-1.PNG;AION_Y-1;https://raw.githubusercontent.com/rogersalles/car_models/main/AION_Y-1.PNG
AION_Y_ELITE.PNG;AION_Y_ELITE;https://raw.githubusercontent.com/rogersalles/car_models/main/AION_Y_ELITE.PNG
AION_Y_PREMIUM-1.PNG;AION_Y_PREMIUM-1;https://raw.githubusercontent.com/rogersalles/car_models/main/AION_Y_PREMIUM-1.PNG
AION_Y_PREMIUM.PNG;AION_Y_PREMIUM;https://raw.githubusercontent.com/rogersalles/car_models/main/AION_Y_PREMIUM.PNG
AIRCROSS.PNG;AIRCROSS;https://raw.githubusercontent.com/rogersalles/car_models/main/AIRCROSS.PNG
AIRCROSS_LIVE.PNG;AIRCROSS_LIVE;https://raw.githubusercontent.com/rogersalles/car_models/main/AIRCROSS_LIVE.PNG
AMAROK.PNG;AMAROK;https://raw.githubusercontent.com/rogersalles/car_models/main/AMAROK.PNG
AMAROK_EXTREME.PNG;AMAROK_EXTREME;https://raw.githubusercontent.com/rogersalles/car_models/main/AMAROK_EXTREME.PNG
AMAROK_HIGHLINE.PNG;AMAROK_HIGHLINE;https://raw.githubusercontent.com/rogersalles/car_models/main/AMAROK_HIGHLINE.PNG
AMAROK_V6.PNG;AMAROK_V6;https://raw.githubusercontent.com/rogersalles/car_models/main/AMAROK_V6.PNG
AMAROK_V6_COMFORTLINE.PNG;AMAROK_V6_COMFORTLINE;https://raw.githubusercontent.com/rogersalles/car_models/main/AMAROK_V6_COMFORTLINE.PNG
AMAROK_V6_EXTREME-1.PNG;AMAROK_V6_EXTREME-1;https://raw.githubusercontent.com/rogersalles/car_models/main/AMAROK_V6_EXTREME-1.PNG
AMAROK_V6_EXTREME.PNG;AMAROK_V6_EXTREME;https://raw.githubusercontent.com/rogersalles/car_models/main/AMAROK_V6_EXTREME.PNG
AMAROK_V6_HIGHLINE.PNG;AMAROK_V6_HIGHLINE;https://raw.githubusercontent.com/rogersalles/car_models/main/AMAROK_V6_HIGHLINE.PNG
ARGO.PNG;ARGO;https://raw.githubusercontent.com/rogersalles/car_models/main/ARGO.PNG
ARGO_ENDURANCE.PNG;ARGO_ENDURANCE;https://raw.githubusercontent.com/rogersalles/car_models/main/ARGO_ENDURANCE.PNG
ARGO_HGT.PNG;ARGO_HGT;https://raw.githubusercontent.com/rogersalles/car_models/main/ARGO_HGT.PNG
ARGO_S-DESIGN.PNG;ARGO_S-DESIGN;https://raw.githubusercontent.com/rogersalles/car_models/main/ARGO_S-DESIGN.PNG
ARRIZO.PNG;ARRIZO;https://raw.githubusercontent.com/rogersalles/car_models/main/ARRIZO.PNG
ARRIZO_6.PNG;ARRIZO_6;https://raw.githubusercontent.com/rogersalles/car_models/main/ARRIZO_6.PNG
ARRIZO_6_GSX.PNG;ARRIZO_6_GSX;https://raw.githubusercontent.com/rogersalles/car_models/main/ARRIZO_6_GSX.PNG
ARRIZO_6_PRO.PNG;ARRIZO_6_PRO;https://raw.githubusercontent.com/rogersalles/car_models/main/ARRIZO_6_PRO.PNG
ASDADG.PNG;ASDADG;https://raw.githubusercontent.com/rogersalles/car_models/main/ASDADG.PNG
ASTRA.PNG;ASTRA;https://raw.githubusercontent.com/rogersalles/car_models/main/ASTRA.PNG
ASX.PNG;ASX;https://raw.githubusercontent.com/rogersalles/car_models/main/ASX.PNG
AUDI_A1.PNG;AUDI_A1;https://raw.githubusercontent.com/rogersalles/car_models/main/AUDI_A1.PNG
AUDI_A3.PNG;AUDI_A3;https://raw.githubusercontent.com/rogersalles/car_models/main/AUDI_A3.PNG
AUDI_A4.PNG;AUDI_A4;https://raw.githubusercontent.com/rogersalles/car_models/main/AUDI_A4.PNG
AUDI_A5.PNG;AUDI_A5;https://raw.githubusercontent.com/rogersalles/car_models/main/AUDI_A5.PNG
AUDI_A6.PNG;AUDI_A6;https://raw.githubusercontent.com/rogersalles/car_models/main/AUDI_A6.PNG
AUDI_A7.PNG;AUDI_A7;https://raw.githubusercontent.com/rogersalles/car_models/main/AUDI_A7.PNG
AUDI_Q3.PNG;AUDI_Q3;https://raw.githubusercontent.com/rogersalles/car_models/main/AUDI_Q3.PNG
AUDI_Q5.PNG;AUDI_Q5;https://raw.githubusercontent.com/rogersalles/car_models/main/AUDI_Q5.PNG
AVENGER.PNG;AVENGER;https://raw.githubusercontent.com/rogersalles/car_models/main/AVENGER.PNG
AVEO.PNG;AVEO;https://raw.githubusercontent.com/rogersalles/car_models/main/AVEO.PNG
AZERA.PNG;AZERA;https://raw.githubusercontent.com/rogersalles/car_models/main/AZERA.PNG
BIZ.PNG;BIZ;https://raw.githubusercontent.com/rogersalles/car_models/main/BIZ.PNG
BIZ_110I.PNG;BIZ_110I;https://raw.githubusercontent.com/rogersalles/car_models/main/BIZ_110I.PNG
BIZ_110I_ES.PNG;BIZ_110I_ES;https://raw.githubusercontent.com/rogersalles/car_models/main/BIZ_110I_ES.PNG
BIZ_125_ES.PNG;BIZ_125_ES;https://raw.githubusercontent.com/rogersalles/car_models/main/BIZ_125_ES.PNG
BIZ_125_EX.PNG;BIZ_125_EX;https://raw.githubusercontent.com/rogersalles/car_models/main/BIZ_125_EX.PNG
BIZ_EX.PNG;BIZ_EX;https://raw.githubusercontent.com/rogersalles/car_models/main/BIZ_EX.PNG
BLAZER-1.PNG;BLAZER-1;https://raw.githubusercontent.com/rogersalles/car_models/main/BLAZER-1.PNG
BLAZER.PNG;BLAZER;https://raw.githubusercontent.com/rogersalles/car_models/main/BLAZER.PNG
BLAZER_ADVANTAGE.PNG;BLAZER_ADVANTAGE;https://raw.githubusercontent.com/rogersalles/car_models/main/BLAZER_ADVANTAGE.PNG
BLAZER_EV-1.PNG;BLAZER_EV-1;https://raw.githubusercontent.com/rogersalles/car_models/main/BLAZER_EV-1.PNG
BLAZER_EV_RS.PNG;BLAZER_EV_RS;https://raw.githubusercontent.com/rogersalles/car_models/main/BLAZER_EV_RS.PNG
BMW.PNG;BMW;https://raw.githubusercontent.com/rogersalles/car_models/main/BMW.PNG
BMW_F_750_GS.PNG;BMW_F_750_GS;https://raw.githubusercontent.com/rogersalles/car_models/main/BMW_F_750_GS.PNG
BMW_X2.PNG;BMW_X2;https://raw.githubusercontent.com/rogersalles/car_models/main/BMW_X2.PNG
BMW_X3.PNG;BMW_X3;https://raw.githubusercontent.com/rogersalles/car_models/main/BMW_X3.PNG
BOLT.PNG;BOLT;https://raw.githubusercontent.com/rogersalles/car_models/main/BOLT.PNG
BOLT_EUV.PNG;BOLT_EUV;https://raw.githubusercontent.com/rogersalles/car_models/main/BOLT_EUV.PNG
BOLT_EV.PNG;BOLT_EV;https://raw.githubusercontent.com/rogersalles/car_models/main/BOLT_EV.PNG
BOS.PNG;BOS;https://raw.githubusercontent.com/rogersalles/car_models/main/BOS.PNG
BRAVO.PNG;BRAVO;https://raw.githubusercontent.com/rogersalles/car_models/main/BRAVO.PNG
BRAVO_SPORTING.PNG;BRAVO_SPORTING;https://raw.githubusercontent.com/rogersalles/car_models/main/BRAVO_SPORTING.PNG
BRONCO-1.PNG;BRONCO-1;https://raw.githubusercontent.com/rogersalles/car_models/main/BRONCO-1.PNG
BRONCO.PNG;BRONCO;https://raw.githubusercontent.com/rogersalles/car_models/main/BRONCO.PNG
BRONCO_SPORT-1.PNG;BRONCO_SPORT-1;https://raw.githubusercontent.com/rogersalles/car_models/main/BRONCO_SPORT-1.PNG
BRONCO_SPORT.PNG;BRONCO_SPORT;https://raw.githubusercontent.com/rogersalles/car_models/main/BRONCO_SPORT.PNG
BRONCO_SPORT_WILDTRAK.PNG;BRONCO_SPORT_WILDTRAK;https://raw.githubusercontent.com/rogersalles/car_models/main/BRONCO_SPORT_WILDTRAK.PNG
BROS-1.PNG;BROS-1;https://raw.githubusercontent.com/rogersalles/car_models/main/BROS-1.PNG
BROS.PNG;BROS;https://raw.githubusercontent.com/rogersalles/car_models/main/BROS.PNG
BYD.PNG;BYD;https://raw.githubusercontent.com/rogersalles/car_models/main/BYD.PNG
BYD_DOLPHIN.PNG;BYD_DOLPHIN;https://raw.githubusercontent.com/rogersalles/car_models/main/BYD_DOLPHIN.PNG
C180.PNG;C180;https://raw.githubusercontent.com/rogersalles/car_models/main/C180.PNG
C3-1.PNG;C3-1;https://raw.githubusercontent.com/rogersalles/car_models/main/C3-1.PNG
C3.PNG;C3;https://raw.githubusercontent.com/rogersalles/car_models/main/C3.PNG
C3_AIRCROSS-1.PNG;C3_AIRCROSS-1;https://raw.githubusercontent.com/rogersalles/car_models/main/C3_AIRCROSS-1.PNG
C3_EXCLUSIVE.PNG;C3_EXCLUSIVE;https://raw.githubusercontent.com/rogersalles/car_models/main/C3_EXCLUSIVE.PNG
C3_PICASSO.PNG;C3_PICASSO;https://raw.githubusercontent.com/rogersalles/car_models/main/C3_PICASSO.PNG
C3_TENDANCE.PNG;C3_TENDANCE;https://raw.githubusercontent.com/rogersalles/car_models/main/C3_TENDANCE.PNG
C4-1.PNG;C4-1;https://raw.githubusercontent.com/rogersalles/car_models/main/C4-1.PNG
C4.PNG;C4;https://raw.githubusercontent.com/rogersalles/car_models/main/C4.PNG
C40.PNG;C40;https://raw.githubusercontent.com/rogersalles/car_models/main/C40.PNG
C4_CACTUS-1.PNG;C4_CACTUS-1;https://raw.githubusercontent.com/rogersalles/car_models/main/C4_CACTUS-1.PNG
C4_CACTUS_FEEL.PNG;C4_CACTUS_FEEL;https://raw.githubusercontent.com/rogersalles/car_models/main/C4_CACTUS_FEEL.PNG
C4_CACTUS_LIVE.PNG;C4_CACTUS_LIVE;https://raw.githubusercontent.com/rogersalles/car_models/main/C4_CACTUS_LIVE.PNG
C4_LOUNGE_TENDANCE.PNG;C4_LOUNGE_TENDANCE;https://raw.githubusercontent.com/rogersalles/car_models/main/C4_LOUNGE_TENDANCE.PNG
C_180-1.PNG;C_180-1;https://raw.githubusercontent.com/rogersalles/car_models/main/C_180-1.PNG
C_200.PNG;C_200;https://raw.githubusercontent.com/rogersalles/car_models/main/C_200.PNG
C_250.PNG;C_250;https://raw.githubusercontent.com/rogersalles/car_models/main/C_250.PNG
CAMARO.PNG;CAMARO;https://raw.githubusercontent.com/rogersalles/car_models/main/CAMARO.PNG
CAMARO_SS.PNG;CAMARO_SS;https://raw.githubusercontent.com/rogersalles/car_models/main/CAMARO_SS.PNG
CAOA_CHERY.PNG;CAOA_CHERY;https://raw.githubusercontent.com/rogersalles/car_models/main/CAOA_CHERY.PNG
CAPITIVA.PNG;CAPITIVA;https://raw.githubusercontent.com/rogersalles/car_models/main/CAPITIVA.PNG
CAPTIVA.PNG;CAPTIVA;https://raw.githubusercontent.com/rogersalles/car_models/main/CAPTIVA.PNG
CAPTIVA_EV-1.PNG;CAPTIVA_EV-1;https://raw.githubusercontent.com/rogersalles/car_models/main/CAPTIVA_EV-1.PNG
CAPTIVA_SPORT.PNG;CAPTIVA_SPORT;https://raw.githubusercontent.com/rogersalles/car_models/main/CAPTIVA_SPORT.PNG
CAPTUR-1.PNG;CAPTUR-1;https://raw.githubusercontent.com/rogersalles/car_models/main/CAPTUR-1.PNG
CAPTUR-2.PNG;CAPTUR-2;https://raw.githubusercontent.com/rogersalles/car_models/main/CAPTUR-2.PNG
CAPTUR.PNG;CAPTUR;https://raw.githubusercontent.com/rogersalles/car_models/main/CAPTUR.PNG
CAPTUR_INTENSE.PNG;CAPTUR_INTENSE;https://raw.githubusercontent.com/rogersalles/car_models/main/CAPTUR_INTENSE.PNG
CAPTUR_ZEN.PNG;CAPTUR_ZEN;https://raw.githubusercontent.com/rogersalles/car_models/main/CAPTUR_ZEN.PNG
CB-1.PNG;CB-1;https://raw.githubusercontent.com/rogersalles/car_models/main/CB-1.PNG
CB.PNG;CB;https://raw.githubusercontent.com/rogersalles/car_models/main/CB.PNG
CB_1000R.PNG;CB_1000R;https://raw.githubusercontent.com/rogersalles/car_models/main/CB_1000R.PNG
CB_1000R_BLACK.PNG;CB_1000R_BLACK;https://raw.githubusercontent.com/rogersalles/car_models/main/CB_1000R_BLACK.PNG
CB_1000R_BLACK_EDITION.PNG;CB_1000R_BLACK_EDITION;https://raw.githubusercontent.com/rogersalles/car_models/main/CB_1000R_BLACK_EDITION.PNG
CB_100R.PNG;CB_100R;https://raw.githubusercontent.com/rogersalles/car_models/main/CB_100R.PNG
CB_250F_CBS.PNG;CB_250F_CBS;https://raw.githubusercontent.com/rogersalles/car_models/main/CB_250F_CBS.PNG
CB_250F_TWISTER_ABS.PNG;CB_250F_TWISTER_ABS;https://raw.githubusercontent.com/rogersalles/car_models/main/CB_250F_TWISTER_ABS.PNG
CB_300F_ABS.PNG;CB_300F_ABS;https://raw.githubusercontent.com/rogersalles/car_models/main/CB_300F_ABS.PNG
CB_300F_CBS.PNG;CB_300F_CBS;https://raw.githubusercontent.com/rogersalles/car_models/main/CB_300F_CBS.PNG
CB_300F_TWISTER_ABS.PNG;CB_300F_TWISTER_ABS;https://raw.githubusercontent.com/rogersalles/car_models/main/CB_300F_TWISTER_ABS.PNG
CB_300F_TWISTER_CBS.PNG;CB_300F_TWISTER_CBS;https://raw.githubusercontent.com/rogersalles/car_models/main/CB_300F_TWISTER_CBS.PNG
CB_300R.PNG;CB_300R;https://raw.githubusercontent.com/rogersalles/car_models/main/CB_300R.PNG
CB_500_HORNET.PNG;CB_500_HORNET;https://raw.githubusercontent.com/rogersalles/car_models/main/CB_500_HORNET.PNG
CB_500F_ABS.PNG;CB_500F_ABS;https://raw.githubusercontent.com/rogersalles/car_models/main/CB_500F_ABS.PNG
CBR.PNG;CBR;https://raw.githubusercontent.com/rogersalles/car_models/main/CBR.PNG
CBR_1000R.PNG;CBR_1000R;https://raw.githubusercontent.com/rogersalles/car_models/main/CBR_1000R.PNG
CBR_1000RR-R.PNG;CBR_1000RR-R;https://raw.githubusercontent.com/rogersalles/car_models/main/CBR_1000RR-R.PNG
CBR_1000RR-R_FIREBLADE_SP.PNG;CBR_1000RR-R_FIREBLADE_SP;https://raw.githubusercontent.com/rogersalles/car_models/main/CBR_1000RR-R_FIREBLADE_SP.PNG
CBR_1000RR-R_SP_30_ANOS.PNG;CBR_1000RR-R_SP_30_ANOS;https://raw.githubusercontent.com/rogersalles/car_models/main/CBR_1000RR-R_SP_30_ANOS.PNG
CBR_1000RR_FIREBLADE.PNG;CBR_1000RR_FIREBLADE;https://raw.githubusercontent.com/rogersalles/car_models/main/CBR_1000RR_FIREBLADE.PNG
CBR_1000RR_FIREBLADE_SP.PNG;CBR_1000RR_FIREBLADE_SP;https://raw.githubusercontent.com/rogersalles/car_models/main/CBR_1000RR_FIREBLADE_SP.PNG
CBR_650R_ABS.PNG;CBR_650R_ABS;https://raw.githubusercontent.com/rogersalles/car_models/main/CBR_650R_ABS.PNG
CELTA.PNG;CELTA;https://raw.githubusercontent.com/rogersalles/car_models/main/CELTA.PNG
CELTA_LT.PNG;CELTA_LT;https://raw.githubusercontent.com/rogersalles/car_models/main/CELTA_LT.PNG
CERATO.PNG;CERATO;https://raw.githubusercontent.com/rogersalles/car_models/main/CERATO.PNG
CG-1.PNG;CG-1;https://raw.githubusercontent.com/rogersalles/car_models/main/CG-1.PNG
CG.PNG;CG;https://raw.githubusercontent.com/rogersalles/car_models/main/CG.PNG
CG160.PNG;CG160;https://raw.githubusercontent.com/rogersalles/car_models/main/CG160.PNG
CG_125.PNG;CG_125;https://raw.githubusercontent.com/rogersalles/car_models/main/CG_125.PNG
CG_125I.PNG;CG_125I;https://raw.githubusercontent.com/rogersalles/car_models/main/CG_125I.PNG
CG_125I_FAN.PNG;CG_125I_FAN;https://raw.githubusercontent.com/rogersalles/car_models/main/CG_125I_FAN.PNG
CG_160_TITAN.PNG;CG_160_TITAN;https://raw.githubusercontent.com/rogersalles/car_models/main/CG_160_TITAN.PNG
CG_160_TITAN_S.PNG;CG_160_TITAN_S;https://raw.githubusercontent.com/rogersalles/car_models/main/CG_160_TITAN_S.PNG
CITROA_N_AIRCROSS.PNG;CITROA_N_AIRCROSS;https://raw.githubusercontent.com/rogersalles/car_models/main/CITROA_N_AIRCROSS.PNG
CITROA_N_C3.PNG;CITROA_N_C3;https://raw.githubusercontent.com/rogersalles/car_models/main/CITROA_N_C3.PNG
CITROA_N_C3_AIRCROSS.PNG;CITROA_N_C3_AIRCROSS;https://raw.githubusercontent.com/rogersalles/car_models/main/CITROA_N_C3_AIRCROSS.PNG
CITROA_N_C3_PICASSO.PNG;CITROA_N_C3_PICASSO;https://raw.githubusercontent.com/rogersalles/car_models/main/CITROA_N_C3_PICASSO.PNG
CITROA_N_C4.PNG;CITROA_N_C4;https://raw.githubusercontent.com/rogersalles/car_models/main/CITROA_N_C4.PNG
CITROA_N_C4_CACTUS.PNG;CITROA_N_C4_CACTUS;https://raw.githubusercontent.com/rogersalles/car_models/main/CITROA_N_C4_CACTUS.PNG
CITY-1.PNG;CITY-1;https://raw.githubusercontent.com/rogersalles/car_models/main/CITY-1.PNG
CITY.PNG;CITY;https://raw.githubusercontent.com/rogersalles/car_models/main/CITY.PNG
CIVIC-1.PNG;CIVIC-1;https://raw.githubusercontent.com/rogersalles/car_models/main/CIVIC-1.PNG
CIVIC.PNG;CIVIC;https://raw.githubusercontent.com/rogersalles/car_models/main/CIVIC.PNG
CIVIC_SPORT.PNG;CIVIC_SPORT;https://raw.githubusercontent.com/rogersalles/car_models/main/CIVIC_SPORT.PNG
CLA.PNG;CLA;https://raw.githubusercontent.com/rogersalles/car_models/main/CLA.PNG
CLA_180.PNG;CLA_180;https://raw.githubusercontent.com/rogersalles/car_models/main/CLA_180.PNG
CLASSIC.PNG;CLASSIC;https://raw.githubusercontent.com/rogersalles/car_models/main/CLASSIC.PNG
CLASSIC_LARAMIE_NIGHT_EDITION.PNG;CLASSIC_LARAMIE_NIGHT_EDITION;https://raw.githubusercontent.com/rogersalles/car_models/main/CLASSIC_LARAMIE_NIGHT_EDITION.PNG
CLIO.PNG;CLIO;https://raw.githubusercontent.com/rogersalles/car_models/main/CLIO.PNG
COBALT.PNG;COBALT;https://raw.githubusercontent.com/rogersalles/car_models/main/COBALT.PNG
COMMANDER.PNG;COMMANDER;https://raw.githubusercontent.com/rogersalles/car_models/main/COMMANDER.PNG
COMPASS.PNG;COMPASS;https://raw.githubusercontent.com/rogersalles/car_models/main/COMPASS.PNG
COMPASS_LONGITUDE.PNG;COMPASS_LONGITUDE;https://raw.githubusercontent.com/rogersalles/car_models/main/COMPASS_LONGITUDE.PNG
CONSORCIO.PNG;CONSORCIO;https://raw.githubusercontent.com/rogersalles/car_models/main/CONSORCIO.PNG
COOPER.PNG;COOPER;https://raw.githubusercontent.com/rogersalles/car_models/main/COOPER.PNG
CORCEL_1.PNG;CORCEL_1;https://raw.githubusercontent.com/rogersalles/car_models/main/CORCEL_1.PNG
COROLA_CROSS.PNG;COROLA_CROSS;https://raw.githubusercontent.com/rogersalles/car_models/main/COROLA_CROSS.PNG
COROLLA.PNG;COROLLA;https://raw.githubusercontent.com/rogersalles/car_models/main/COROLLA.PNG
COROLLA_ALTIS.PNG;COROLLA_ALTIS;https://raw.githubusercontent.com/rogersalles/car_models/main/COROLLA_ALTIS.PNG
COROLLA_CROSS.PNG;COROLLA_CROSS;https://raw.githubusercontent.com/rogersalles/car_models/main/COROLLA_CROSS.PNG
COROLLA_CROSS_XRX.PNG;COROLLA_CROSS_XRX;https://raw.githubusercontent.com/rogersalles/car_models/main/COROLLA_CROSS_XRX.PNG
COROLLA_XEI-1.PNG;COROLLA_XEI-1;https://raw.githubusercontent.com/rogersalles/car_models/main/COROLLA_XEI-1.PNG
COROLLA_XEI.PNG;COROLLA_XEI;https://raw.githubusercontent.com/rogersalles/car_models/main/COROLLA_XEI.PNG
CORSA-1.PNG;CORSA-1;https://raw.githubusercontent.com/rogersalles/car_models/main/CORSA-1.PNG
CORSA.PNG;CORSA;https://raw.githubusercontent.com/rogersalles/car_models/main/CORSA.PNG
CR-V.PNG;CR-V;https://raw.githubusercontent.com/rogersalles/car_models/main/CR-V.PNG
CRETA.PNG;CRETA;https://raw.githubusercontent.com/rogersalles/car_models/main/CRETA.PNG
CRF-1.PNG;CRF-1;https://raw.githubusercontent.com/rogersalles/car_models/main/CRF-1.PNG
CRF.PNG;CRF;https://raw.githubusercontent.com/rogersalles/car_models/main/CRF.PNG
CRF_1100L-1.PNG;CRF_1100L-1;https://raw.githubusercontent.com/rogersalles/car_models/main/CRF_1100L-1.PNG
CRF_250_RX.PNG;CRF_250_RX;https://raw.githubusercontent.com/rogersalles/car_models/main/CRF_250_RX.PNG
CRONOS.PNG;CRONOS;https://raw.githubusercontent.com/rogersalles/car_models/main/CRONOS.PNG
CROSS_UP.PNG;CROSS_UP;https://raw.githubusercontent.com/rogersalles/car_models/main/CROSS_UP.PNG
CROSSFOX.PNG;CROSSFOX;https://raw.githubusercontent.com/rogersalles/car_models/main/CROSSFOX.PNG
CRUZE.PNG;CRUZE;https://raw.githubusercontent.com/rogersalles/car_models/main/CRUZE.PNG
DAKOTA.PNG;DAKOTA;https://raw.githubusercontent.com/rogersalles/car_models/main/DAKOTA.PNG
DOBLO.PNG;DOBLO;https://raw.githubusercontent.com/rogersalles/car_models/main/DOBLO.PNG
DOLPHIN-1.PNG;DOLPHIN-1;https://raw.githubusercontent.com/rogersalles/car_models/main/DOLPHIN-1.PNG
DOLPHIN.PNG;DOLPHIN;https://raw.githubusercontent.com/rogersalles/car_models/main/DOLPHIN.PNG
DUCATO.PNG;DUCATO;https://raw.githubusercontent.com/rogersalles/car_models/main/DUCATO.PNG
DUSTER.PNG;DUSTER;https://raw.githubusercontent.com/rogersalles/car_models/main/DUSTER.PNG
ECLIPSE.PNG;ECLIPSE;https://raw.githubusercontent.com/rogersalles/car_models/main/ECLIPSE.PNG
ECOSPORT.PNG;ECOSPORT;https://raw.githubusercontent.com/rogersalles/car_models/main/ECOSPORT.PNG
ECOSPORT_STORM_4WD.PNG;ECOSPORT_STORM_4WD;https://raw.githubusercontent.com/rogersalles/car_models/main/ECOSPORT_STORM_4WD.PNG
ECOSPORT_XLT.PNG;ECOSPORT_XLT;https://raw.githubusercontent.com/rogersalles/car_models/main/ECOSPORT_XLT.PNG
ELANTRA.PNG;ELANTRA;https://raw.githubusercontent.com/rogersalles/car_models/main/ELANTRA.PNG
ELITE.PNG;ELITE;https://raw.githubusercontent.com/rogersalles/car_models/main/ELITE.PNG
EQUINOX.PNG;EQUINOX;https://raw.githubusercontent.com/rogersalles/car_models/main/EQUINOX.PNG
ERRO1.PNG;ERRO1;https://raw.githubusercontent.com/rogersalles/car_models/main/ERRO1.PNG
ETIOS.PNG;ETIOS;https://raw.githubusercontent.com/rogersalles/car_models/main/ETIOS.PNG
ETIOS_XS.PNG;ETIOS_XS;https://raw.githubusercontent.com/rogersalles/car_models/main/ETIOS_XS.PNG
F-250.PNG;F-250;https://raw.githubusercontent.com/rogersalles/car_models/main/F-250.PNG
FASTBACK.PNG;FASTBACK;https://raw.githubusercontent.com/rogersalles/car_models/main/FASTBACK.PNG
FASTBACK_ABARTH.PNG;FASTBACK_ABARTH;https://raw.githubusercontent.com/rogersalles/car_models/main/FASTBACK_ABARTH.PNG
FASTBACK_AUDACE.PNG;FASTBACK_AUDACE;https://raw.githubusercontent.com/rogersalles/car_models/main/FASTBACK_AUDACE.PNG
FASTBACK_LIMITED.PNG;FASTBACK_LIMITED;https://raw.githubusercontent.com/rogersalles/car_models/main/FASTBACK_LIMITED.PNG
FIAT_MOBI.PNG;FIAT_MOBI;https://raw.githubusercontent.com/rogersalles/car_models/main/FIAT_MOBI.PNG
FIELDER.PNG;FIELDER;https://raw.githubusercontent.com/rogersalles/car_models/main/FIELDER.PNG
FIESTA.PNG;FIESTA;https://raw.githubusercontent.com/rogersalles/car_models/main/FIESTA.PNG
FIESTA_S.PNG;FIESTA_S;https://raw.githubusercontent.com/rogersalles/car_models/main/FIESTA_S.PNG
FIESTA_SE.PNG;FIESTA_SE;https://raw.githubusercontent.com/rogersalles/car_models/main/FIESTA_SE.PNG
FIESTA_SEDAN_SE.PNG;FIESTA_SEDAN_SE;https://raw.githubusercontent.com/rogersalles/car_models/main/FIESTA_SEDAN_SE.PNG
FIESTA_SEL.PNG;FIESTA_SEL;https://raw.githubusercontent.com/rogersalles/car_models/main/FIESTA_SEL.PNG
FIORINO.PNG;FIORINO;https://raw.githubusercontent.com/rogersalles/car_models/main/FIORINO.PNG
FIORINO_ENDURANCE.PNG;FIORINO_ENDURANCE;https://raw.githubusercontent.com/rogersalles/car_models/main/FIORINO_ENDURANCE.PNG
FIT.PNG;FIT;https://raw.githubusercontent.com/rogersalles/car_models/main/FIT.PNG
FIT_EXL.PNG;FIT_EXL;https://raw.githubusercontent.com/rogersalles/car_models/main/FIT_EXL.PNG
FLUENCE.PNG;FLUENCE;https://raw.githubusercontent.com/rogersalles/car_models/main/FLUENCE.PNG
FOCUS.PNG;FOCUS;https://raw.githubusercontent.com/rogersalles/car_models/main/FOCUS.PNG
FOCUS_GLX.PNG;FOCUS_GLX;https://raw.githubusercontent.com/rogersalles/car_models/main/FOCUS_GLX.PNG
FOCUS_TITANIUM.PNG;FOCUS_TITANIUM;https://raw.githubusercontent.com/rogersalles/car_models/main/FOCUS_TITANIUM.PNG
FORZA.PNG;FORZA;https://raw.githubusercontent.com/rogersalles/car_models/main/FORZA.PNG
FORZA_350-1.PNG;FORZA_350-1;https://raw.githubusercontent.com/rogersalles/car_models/main/FORZA_350-1.PNG
FOX.PNG;FOX;https://raw.githubusercontent.com/rogersalles/car_models/main/FOX.PNG
FOX_COMFORTLINE.PNG;FOX_COMFORTLINE;https://raw.githubusercontent.com/rogersalles/car_models/main/FOX_COMFORTLINE.PNG
FOX_CONNECT.PNG;FOX_CONNECT;https://raw.githubusercontent.com/rogersalles/car_models/main/FOX_CONNECT.PNG
FOX_HIGHLINE.PNG;FOX_HIGHLINE;https://raw.githubusercontent.com/rogersalles/car_models/main/FOX_HIGHLINE.PNG
FOX_MSI_CONNECT.PNG;FOX_MSI_CONNECT;https://raw.githubusercontent.com/rogersalles/car_models/main/FOX_MSI_CONNECT.PNG
FOX_MSI_XTREME.PNG;FOX_MSI_XTREME;https://raw.githubusercontent.com/rogersalles/car_models/main/FOX_MSI_XTREME.PNG
FOX_VHT_HIGHLINE.PNG;FOX_VHT_HIGHLINE;https://raw.githubusercontent.com/rogersalles/car_models/main/FOX_VHT_HIGHLINE.PNG
FOX_XTREME.PNG;FOX_XTREME;https://raw.githubusercontent.com/rogersalles/car_models/main/FOX_XTREME.PNG
FREELANDER.PNG;FREELANDER;https://raw.githubusercontent.com/rogersalles/car_models/main/FREELANDER.PNG
FREELANDER_2.PNG;FREELANDER_2;https://raw.githubusercontent.com/rogersalles/car_models/main/FREELANDER_2.PNG
FREEMONT.PNG;FREEMONT;https://raw.githubusercontent.com/rogersalles/car_models/main/FREEMONT.PNG
FRONTIER.PNG;FRONTIER;https://raw.githubusercontent.com/rogersalles/car_models/main/FRONTIER.PNG
FRONTIER_ATTACK.PNG;FRONTIER_ATTACK;https://raw.githubusercontent.com/rogersalles/car_models/main/FRONTIER_ATTACK.PNG
FUSCA.PNG;FUSCA;https://raw.githubusercontent.com/rogersalles/car_models/main/FUSCA.PNG
FUSION.PNG;FUSION;https://raw.githubusercontent.com/rogersalles/car_models/main/FUSION.PNG
GAC_GS3.PNG;GAC_GS3;https://raw.githubusercontent.com/rogersalles/car_models/main/GAC_GS3.PNG
GAC_GS4.PNG;GAC_GS4;https://raw.githubusercontent.com/rogersalles/car_models/main/GAC_GS4.PNG
GLA_250.PNG;GLA_250;https://raw.githubusercontent.com/rogersalles/car_models/main/GLA_250.PNG
GLADIATOR.PNG;GLADIATOR;https://raw.githubusercontent.com/rogersalles/car_models/main/GLADIATOR.PNG
GLADIATOR_RUBICON.PNG;GLADIATOR_RUBICON;https://raw.githubusercontent.com/rogersalles/car_models/main/GLADIATOR_RUBICON.PNG
GOL.PNG;GOL;https://raw.githubusercontent.com/rogersalles/car_models/main/GOL.PNG
GOL_CITY.PNG;GOL_CITY;https://raw.githubusercontent.com/rogersalles/car_models/main/GOL_CITY.PNG
GOL_COMFORTLINE.PNG;GOL_COMFORTLINE;https://raw.githubusercontent.com/rogersalles/car_models/main/GOL_COMFORTLINE.PNG
GOL_G4.PNG;GOL_G4;https://raw.githubusercontent.com/rogersalles/car_models/main/GOL_G4.PNG
GOL_G5.PNG;GOL_G5;https://raw.githubusercontent.com/rogersalles/car_models/main/GOL_G5.PNG
GOL_HIGHLINE.PNG;GOL_HIGHLINE;https://raw.githubusercontent.com/rogersalles/car_models/main/GOL_HIGHLINE.PNG
GOL_MSI_HIGHLINE.PNG;GOL_MSI_HIGHLINE;https://raw.githubusercontent.com/rogersalles/car_models/main/GOL_MSI_HIGHLINE.PNG
GOL_SPECIAL.PNG;GOL_SPECIAL;https://raw.githubusercontent.com/rogersalles/car_models/main/GOL_SPECIAL.PNG
GOL_TEC_CITY.PNG;GOL_TEC_CITY;https://raw.githubusercontent.com/rogersalles/car_models/main/GOL_TEC_CITY.PNG
GOL_TEC_TRENDLINE.PNG;GOL_TEC_TRENDLINE;https://raw.githubusercontent.com/rogersalles/car_models/main/GOL_TEC_TRENDLINE.PNG
GOL_TREND.PNG;GOL_TREND;https://raw.githubusercontent.com/rogersalles/car_models/main/GOL_TREND.PNG
GOL_TRENDLINE.PNG;GOL_TRENDLINE;https://raw.githubusercontent.com/rogersalles/car_models/main/GOL_TRENDLINE.PNG
GOLD_WING_TOUR.PNG;GOLD_WING_TOUR;https://raw.githubusercontent.com/rogersalles/car_models/main/GOLD_WING_TOUR.PNG
GOLF.PNG;GOLF;https://raw.githubusercontent.com/rogersalles/car_models/main/GOLF.PNG
GOLF_COMFORTLINE.PNG;GOLF_COMFORTLINE;https://raw.githubusercontent.com/rogersalles/car_models/main/GOLF_COMFORTLINE.PNG
GOLF_GTI.PNG;GOLF_GTI;https://raw.githubusercontent.com/rogersalles/car_models/main/GOLF_GTI.PNG
GOLF_HIGHLINE.PNG;GOLF_HIGHLINE;https://raw.githubusercontent.com/rogersalles/car_models/main/GOLF_HIGHLINE.PNG
GOLF_SPORTLINE.PNG;GOLF_SPORTLINE;https://raw.githubusercontent.com/rogersalles/car_models/main/GOLF_SPORTLINE.PNG
GOLF_VARIANT_COMFORTLINE.PNG;GOLF_VARIANT_COMFORTLINE;https://raw.githubusercontent.com/rogersalles/car_models/main/GOLF_VARIANT_COMFORTLINE.PNG
GOLF_VARIANT_HIGHLINE.PNG;GOLF_VARIANT_HIGHLINE;https://raw.githubusercontent.com/rogersalles/car_models/main/GOLF_VARIANT_HIGHLINE.PNG
GRAND_CHEROKEE_4XE.PNG;GRAND_CHEROKEE_4XE;https://raw.githubusercontent.com/rogersalles/car_models/main/GRAND_CHEROKEE_4XE.PNG
GRAND_SIENA-1.PNG;GRAND_SIENA-1;https://raw.githubusercontent.com/rogersalles/car_models/main/GRAND_SIENA-1.PNG
GRAND_SIENA.PNG;GRAND_SIENA;https://raw.githubusercontent.com/rogersalles/car_models/main/GRAND_SIENA.PNG
GRAND_SIENA_ATTRACTIVE.PNG;GRAND_SIENA_ATTRACTIVE;https://raw.githubusercontent.com/rogersalles/car_models/main/GRAND_SIENA_ATTRACTIVE.PNG
GS4.PNG;GS4;https://raw.githubusercontent.com/rogersalles/car_models/main/GS4.PNG
GS4_ELITE.PNG;GS4_ELITE;https://raw.githubusercontent.com/rogersalles/car_models/main/GS4_ELITE.PNG
GS4_HYBRID.PNG;GS4_HYBRID;https://raw.githubusercontent.com/rogersalles/car_models/main/GS4_HYBRID.PNG
GS4_HYBRID_ELITE.PNG;GS4_HYBRID_ELITE;https://raw.githubusercontent.com/rogersalles/car_models/main/GS4_HYBRID_ELITE.PNG
GS4_HYBRID_PREMIUM.PNG;GS4_HYBRID_PREMIUM;https://raw.githubusercontent.com/rogersalles/car_models/main/GS4_HYBRID_PREMIUM.PNG
GWM_POER.PNG;GWM_POER;https://raw.githubusercontent.com/rogersalles/car_models/main/GWM_POER.PNG
GWM_TANK.PNG;GWM_TANK;https://raw.githubusercontent.com/rogersalles/car_models/main/GWM_TANK.PNG
GWM_WEY.PNG;GWM_WEY;https://raw.githubusercontent.com/rogersalles/car_models/main/GWM_WEY.PNG
HAVAL.PNG;HAVAL;https://raw.githubusercontent.com/rogersalles/car_models/main/HAVAL.PNG
HAVAL_H6.PNG;HAVAL_H6;https://raw.githubusercontent.com/rogersalles/car_models/main/HAVAL_H6.PNG
HAVAL_H6_GT.PNG;HAVAL_H6_GT;https://raw.githubusercontent.com/rogersalles/car_models/main/HAVAL_H6_GT.PNG
HAVAL_H6_GT_PHEV.PNG;HAVAL_H6_GT_PHEV;https://raw.githubusercontent.com/rogersalles/car_models/main/HAVAL_H6_GT_PHEV.PNG
HAVAL_H6_HEV.PNG;HAVAL_H6_HEV;https://raw.githubusercontent.com/rogersalles/car_models/main/HAVAL_H6_HEV.PNG
HAVAL_H6_HEV2.PNG;HAVAL_H6_HEV2;https://raw.githubusercontent.com/rogersalles/car_models/main/HAVAL_H6_HEV2.PNG
HAVAL_H6_HEV_ONE.PNG;HAVAL_H6_HEV_ONE;https://raw.githubusercontent.com/rogersalles/car_models/main/HAVAL_H6_HEV_ONE.PNG
HAVAL_H6_HYBRID.PNG;HAVAL_H6_HYBRID;https://raw.githubusercontent.com/rogersalles/car_models/main/HAVAL_H6_HYBRID.PNG
HAVAL_H6_PHEV.PNG;HAVAL_H6_PHEV;https://raw.githubusercontent.com/rogersalles/car_models/main/HAVAL_H6_PHEV.PNG
HAVAL_H6_PHEV19.PNG;HAVAL_H6_PHEV19;https://raw.githubusercontent.com/rogersalles/car_models/main/HAVAL_H6_PHEV19.PNG
HAVAL_H6_PHEV34.PNG;HAVAL_H6_PHEV34;https://raw.githubusercontent.com/rogersalles/car_models/main/HAVAL_H6_PHEV34.PNG
HAVAL_H6_PHEV35.PNG;HAVAL_H6_PHEV35;https://raw.githubusercontent.com/rogersalles/car_models/main/HAVAL_H6_PHEV35.PNG
HAVAL_H6_PREMIUM_HEV.PNG;HAVAL_H6_PREMIUM_HEV;https://raw.githubusercontent.com/rogersalles/car_models/main/HAVAL_H6_PREMIUM_HEV.PNG
HAVAL_H9_DIESEL.PNG;HAVAL_H9_DIESEL;https://raw.githubusercontent.com/rogersalles/car_models/main/HAVAL_H9_DIESEL.PNG
HAVAL_HEV.PNG;HAVAL_HEV;https://raw.githubusercontent.com/rogersalles/car_models/main/HAVAL_HEV.PNG
HAVAL_HEV2.PNG;HAVAL_HEV2;https://raw.githubusercontent.com/rogersalles/car_models/main/HAVAL_HEV2.PNG
HAVAL_HEV_H6.PNG;HAVAL_HEV_H6;https://raw.githubusercontent.com/rogersalles/car_models/main/HAVAL_HEV_H6.PNG
HAVAL_HEV_ONE.PNG;HAVAL_HEV_ONE;https://raw.githubusercontent.com/rogersalles/car_models/main/HAVAL_HEV_ONE.PNG
HAVAL_ONE.PNG;HAVAL_ONE;https://raw.githubusercontent.com/rogersalles/car_models/main/HAVAL_ONE.PNG
HAVAL_PHEV.PNG;HAVAL_PHEV;https://raw.githubusercontent.com/rogersalles/car_models/main/HAVAL_PHEV.PNG
HAVAL_PHEV19.PNG;HAVAL_PHEV19;https://raw.githubusercontent.com/rogersalles/car_models/main/HAVAL_PHEV19.PNG
HAVAL_PHEV34.PNG;HAVAL_PHEV34;https://raw.githubusercontent.com/rogersalles/car_models/main/HAVAL_PHEV34.PNG
HAVAL_PHEV35.PNG;HAVAL_PHEV35;https://raw.githubusercontent.com/rogersalles/car_models/main/HAVAL_PHEV35.PNG
HAVAL_PHEV_GT.PNG;HAVAL_PHEV_GT;https://raw.githubusercontent.com/rogersalles/car_models/main/HAVAL_PHEV_GT.PNG
HAVAL_PHEV_H6.PNG;HAVAL_PHEV_H6;https://raw.githubusercontent.com/rogersalles/car_models/main/HAVAL_PHEV_H6.PNG
HAVAL_RAPTOR.PNG;HAVAL_RAPTOR;https://raw.githubusercontent.com/rogersalles/car_models/main/HAVAL_RAPTOR.PNG
HB20.PNG;HB20;https://raw.githubusercontent.com/rogersalles/car_models/main/HB20.PNG
HB20_COMFORT_STYLE.PNG;HB20_COMFORT_STYLE;https://raw.githubusercontent.com/rogersalles/car_models/main/HB20_COMFORT_STYLE.PNG
HB20_COPA_DO_MUNDO.PNG;HB20_COPA_DO_MUNDO;https://raw.githubusercontent.com/rogersalles/car_models/main/HB20_COPA_DO_MUNDO.PNG
HB20_DIAMOND.PNG;HB20_DIAMOND;https://raw.githubusercontent.com/rogersalles/car_models/main/HB20_DIAMOND.PNG
HB20_DIAMOND_PLUS.PNG;HB20_DIAMOND_PLUS;https://raw.githubusercontent.com/rogersalles/car_models/main/HB20_DIAMOND_PLUS.PNG
HB20_EVOLUTION.PNG;HB20_EVOLUTION;https://raw.githubusercontent.com/rogersalles/car_models/main/HB20_EVOLUTION.PNG
HB20_HATCH.PNG;HB20_HATCH;https://raw.githubusercontent.com/rogersalles/car_models/main/HB20_HATCH.PNG
HB20_LIMITED.PNG;HB20_LIMITED;https://raw.githubusercontent.com/rogersalles/car_models/main/HB20_LIMITED.PNG
HB20_LIMITED_PLUS.PNG;HB20_LIMITED_PLUS;https://raw.githubusercontent.com/rogersalles/car_models/main/HB20_LIMITED_PLUS.PNG
HB20_LIMITED_SAFETY.PNG;HB20_LIMITED_SAFETY;https://raw.githubusercontent.com/rogersalles/car_models/main/HB20_LIMITED_SAFETY.PNG
HB20_PLATINUM.PNG;HB20_PLATINUM;https://raw.githubusercontent.com/rogersalles/car_models/main/HB20_PLATINUM.PNG
HB20_PLATINUM_PLUS.PNG;HB20_PLATINUM_PLUS;https://raw.githubusercontent.com/rogersalles/car_models/main/HB20_PLATINUM_PLUS.PNG
HB20_PLATINUM_SAFETY.PNG;HB20_PLATINUM_SAFETY;https://raw.githubusercontent.com/rogersalles/car_models/main/HB20_PLATINUM_SAFETY.PNG
HB20_PLATINUM_SENSE.PNG;HB20_PLATINUM_SENSE;https://raw.githubusercontent.com/rogersalles/car_models/main/HB20_PLATINUM_SENSE.PNG
HB20_PLUS.PNG;HB20_PLUS;https://raw.githubusercontent.com/rogersalles/car_models/main/HB20_PLUS.PNG
HB20_SENSE.PNG;HB20_SENSE;https://raw.githubusercontent.com/rogersalles/car_models/main/HB20_SENSE.PNG
HB20_SENSE_PLUS.PNG;HB20_SENSE_PLUS;https://raw.githubusercontent.com/rogersalles/car_models/main/HB20_SENSE_PLUS.PNG
HB20_SPORT.PNG;HB20_SPORT;https://raw.githubusercontent.com/rogersalles/car_models/main/HB20_SPORT.PNG
HB20_UNIQUE.PNG;HB20_UNIQUE;https://raw.githubusercontent.com/rogersalles/car_models/main/HB20_UNIQUE.PNG
HB20S.PNG;HB20S;https://raw.githubusercontent.com/rogersalles/car_models/main/HB20S.PNG
HB20S_COMFORT_STYLE.PNG;HB20S_COMFORT_STYLE;https://raw.githubusercontent.com/rogersalles/car_models/main/HB20S_COMFORT_STYLE.PNG
HB20S_COPA_DO_MUNDO.PNG;HB20S_COPA_DO_MUNDO;https://raw.githubusercontent.com/rogersalles/car_models/main/HB20S_COPA_DO_MUNDO.PNG
HB20S_DIAMOND.PNG;HB20S_DIAMOND;https://raw.githubusercontent.com/rogersalles/car_models/main/HB20S_DIAMOND.PNG
HB20S_PREMIUM.PNG;HB20S_PREMIUM;https://raw.githubusercontent.com/rogersalles/car_models/main/HB20S_PREMIUM.PNG
HB20X.PNG;HB20X;https://raw.githubusercontent.com/rogersalles/car_models/main/HB20X.PNG
HILUX.PNG;HILUX;https://raw.githubusercontent.com/rogersalles/car_models/main/HILUX.PNG
HR-V.PNG;HR-V;https://raw.githubusercontent.com/rogersalles/car_models/main/HR-V.PNG
HR-V_EXL.PNG;HR-V_EXL;https://raw.githubusercontent.com/rogersalles/car_models/main/HR-V_EXL.PNG
HR.PNG;HR;https://raw.githubusercontent.com/rogersalles/car_models/main/HR.PNG
HR_V-1.PNG;HR_V-1;https://raw.githubusercontent.com/rogersalles/car_models/main/HR_V-1.PNG
HR_V.PNG;HR_V;https://raw.githubusercontent.com/rogersalles/car_models/main/HR_V.PNG
HR_V_EXL.PNG;HR_V_EXL;https://raw.githubusercontent.com/rogersalles/car_models/main/HR_V_EXL.PNG
HUMMER.PNG;HUMMER;https://raw.githubusercontent.com/rogersalles/car_models/main/HUMMER.PNG
HYPTEC_HT_ELITE.PNG;HYPTEC_HT_ELITE;https://raw.githubusercontent.com/rogersalles/car_models/main/HYPTEC_HT_ELITE.PNG
I_HYBRID_XRX-1.PNG;I_HYBRID_XRX-1;https://raw.githubusercontent.com/rogersalles/car_models/main/I_HYBRID_XRX-1.PNG
IDEA.PNG;IDEA;https://raw.githubusercontent.com/rogersalles/car_models/main/IDEA.PNG
J7.PNG;J7;https://raw.githubusercontent.com/rogersalles/car_models/main/J7.PNG
JAECOO_7.PNG;JAECOO_7;https://raw.githubusercontent.com/rogersalles/car_models/main/JAECOO_7.PNG
JAECOO_7_ELITE.PNG;JAECOO_7_ELITE;https://raw.githubusercontent.com/rogersalles/car_models/main/JAECOO_7_ELITE.PNG
JAECOO_J7.PNG;JAECOO_J7;https://raw.githubusercontent.com/rogersalles/car_models/main/JAECOO_J7.PNG
JAGUAR_E-PACE.PNG;JAGUAR_E-PACE;https://raw.githubusercontent.com/rogersalles/car_models/main/JAGUAR_E-PACE.PNG
JAGUAR_F-PACE.PNG;JAGUAR_F-PACE;https://raw.githubusercontent.com/rogersalles/car_models/main/JAGUAR_F-PACE.PNG
JETTA.PNG;JETTA;https://raw.githubusercontent.com/rogersalles/car_models/main/JETTA.PNG
JOURNEY.PNG;JOURNEY;https://raw.githubusercontent.com/rogersalles/car_models/main/JOURNEY.PNG
KA+_SE.PNG;KA+_SE;https://raw.githubusercontent.com/rogersalles/car_models/main/KA+_SE.PNG
KA.PNG;KA;https://raw.githubusercontent.com/rogersalles/car_models/main/KA.PNG
KA_FREESTYLE.PNG;KA_FREESTYLE;https://raw.githubusercontent.com/rogersalles/car_models/main/KA_FREESTYLE.PNG
KA_SE.PNG;KA_SE;https://raw.githubusercontent.com/rogersalles/car_models/main/KA_SE.PNG
KA_SE_PLUS.PNG;KA_SE_PLUS;https://raw.githubusercontent.com/rogersalles/car_models/main/KA_SE_PLUS.PNG
KA_SEDAN_SE.PNG;KA_SEDAN_SE;https://raw.githubusercontent.com/rogersalles/car_models/main/KA_SEDAN_SE.PNG
KICKS.PNG;KICKS;https://raw.githubusercontent.com/rogersalles/car_models/main/KICKS.PNG
KING.PNG;KING;https://raw.githubusercontent.com/rogersalles/car_models/main/KING.PNG
KING_GS.PNG;KING_GS;https://raw.githubusercontent.com/rogersalles/car_models/main/KING_GS.PNG
KONA.PNG;KONA;https://raw.githubusercontent.com/rogersalles/car_models/main/KONA.PNG
KWID.PNG;KWID;https://raw.githubusercontent.com/rogersalles/car_models/main/KWID.PNG
LAND_ROVER_DISCOVERY.PNG;LAND_ROVER_DISCOVERY;https://raw.githubusercontent.com/rogersalles/car_models/main/LAND_ROVER_DISCOVERY.PNG
LAND_ROVER_DISCOVERY_SPORT.PNG;LAND_ROVER_DISCOVERY_SPORT;https://raw.githubusercontent.com/rogersalles/car_models/main/LAND_ROVER_DISCOVERY_SPORT.PNG
LINEA.PNG;LINEA;https://raw.githubusercontent.com/rogersalles/car_models/main/LINEA.PNG
MAVERICK_LARIAT.PNG;MAVERICK_LARIAT;https://raw.githubusercontent.com/rogersalles/car_models/main/MAVERICK_LARIAT.PNG
MINI_COOPER.PNG;MINI_COOPER;https://raw.githubusercontent.com/rogersalles/car_models/main/MINI_COOPER.PNG
MOBI.PNG;MOBI;https://raw.githubusercontent.com/rogersalles/car_models/main/MOBI.PNG
MOBI_DRIVE.PNG;MOBI_DRIVE;https://raw.githubusercontent.com/rogersalles/car_models/main/MOBI_DRIVE.PNG
MOBI_EASY.PNG;MOBI_EASY;https://raw.githubusercontent.com/rogersalles/car_models/main/MOBI_EASY.PNG
MOBI_LIKE.PNG;MOBI_LIKE;https://raw.githubusercontent.com/rogersalles/car_models/main/MOBI_LIKE.PNG
MOBI_WAY.PNG;MOBI_WAY;https://raw.githubusercontent.com/rogersalles/car_models/main/MOBI_WAY.PNG
MONTANA.PNG;MONTANA;https://raw.githubusercontent.com/rogersalles/car_models/main/MONTANA.PNG
MONTANA_LS.PNG;MONTANA_LS;https://raw.githubusercontent.com/rogersalles/car_models/main/MONTANA_LS.PNG
MONTANA_LTZ.PNG;MONTANA_LTZ;https://raw.githubusercontent.com/rogersalles/car_models/main/MONTANA_LTZ.PNG
MONTANA_PREMIER.PNG;MONTANA_PREMIER;https://raw.githubusercontent.com/rogersalles/car_models/main/MONTANA_PREMIER.PNG
MPI-1.PNG;MPI-1;https://raw.githubusercontent.com/rogersalles/car_models/main/MPI-1.PNG
MPI.PNG;MPI;https://raw.githubusercontent.com/rogersalles/car_models/main/MPI.PNG
MPI_TAKE_UP-1.PNG;MPI_TAKE_UP-1;https://raw.githubusercontent.com/rogersalles/car_models/main/MPI_TAKE_UP-1.PNG
MPI_TAKE_UP.PNG;MPI_TAKE_UP;https://raw.githubusercontent.com/rogersalles/car_models/main/MPI_TAKE_UP.PNG
NEW_HB20.PNG;NEW_HB20;https://raw.githubusercontent.com/rogersalles/car_models/main/NEW_HB20.PNG
NISSAN_ALTIMA.PNG;NISSAN_ALTIMA;https://raw.githubusercontent.com/rogersalles/car_models/main/NISSAN_ALTIMA.PNG
NIVUS.PNG;NIVUS;https://raw.githubusercontent.com/rogersalles/car_models/main/NIVUS.PNG
NIVUS_200_HIGHLINE.PNG;NIVUS_200_HIGHLINE;https://raw.githubusercontent.com/rogersalles/car_models/main/NIVUS_200_HIGHLINE.PNG
NIVUS_HIGHLINE.PNG;NIVUS_HIGHLINE;https://raw.githubusercontent.com/rogersalles/car_models/main/NIVUS_HIGHLINE.PNG
NXR_160_BROS_ABS.PNG;NXR_160_BROS_ABS;https://raw.githubusercontent.com/rogersalles/car_models/main/NXR_160_BROS_ABS.PNG
NXR_160_BROS_CBS.PNG;NXR_160_BROS_CBS;https://raw.githubusercontent.com/rogersalles/car_models/main/NXR_160_BROS_CBS.PNG
NXR_160_BROS_ESDD.PNG;NXR_160_BROS_ESDD;https://raw.githubusercontent.com/rogersalles/car_models/main/NXR_160_BROS_ESDD.PNG
OMODA_5.PNG;OMODA_5;https://raw.githubusercontent.com/rogersalles/car_models/main/OMODA_5.PNG
OMODA_5_SHS_H.PNG;OMODA_5_SHS_H;https://raw.githubusercontent.com/rogersalles/car_models/main/OMODA_5_SHS_H.PNG
OMODA_E5.PNG;OMODA_E5;https://raw.githubusercontent.com/rogersalles/car_models/main/OMODA_E5.PNG
ONIX.PNG;ONIX;https://raw.githubusercontent.com/rogersalles/car_models/main/ONIX.PNG
ONIX_ACTIV.PNG;ONIX_ACTIV;https://raw.githubusercontent.com/rogersalles/car_models/main/ONIX_ACTIV.PNG
ONIX_EFFECT.PNG;ONIX_EFFECT;https://raw.githubusercontent.com/rogersalles/car_models/main/ONIX_EFFECT.PNG
ONIX_HATCH.PNG;ONIX_HATCH;https://raw.githubusercontent.com/rogersalles/car_models/main/ONIX_HATCH.PNG
ONIX_JOY.PNG;ONIX_JOY;https://raw.githubusercontent.com/rogersalles/car_models/main/ONIX_JOY.PNG
ONIX_LTZ-1.PNG;ONIX_LTZ-1;https://raw.githubusercontent.com/rogersalles/car_models/main/ONIX_LTZ-1.PNG
ONIX_PLUS.PNG;ONIX_PLUS;https://raw.githubusercontent.com/rogersalles/car_models/main/ONIX_PLUS.PNG
ONIX_PLUS_PREMIER.PNG;ONIX_PLUS_PREMIER;https://raw.githubusercontent.com/rogersalles/car_models/main/ONIX_PLUS_PREMIER.PNG
ONIX_PREMIER.PNG;ONIX_PREMIER;https://raw.githubusercontent.com/rogersalles/car_models/main/ONIX_PREMIER.PNG
ONIX_RS-1.PNG;ONIX_RS-1;https://raw.githubusercontent.com/rogersalles/car_models/main/ONIX_RS-1.PNG
PALIO.PNG;PALIO;https://raw.githubusercontent.com/rogersalles/car_models/main/PALIO.PNG
PALIO_ATTRACTIVE.PNG;PALIO_ATTRACTIVE;https://raw.githubusercontent.com/rogersalles/car_models/main/PALIO_ATTRACTIVE.PNG
PALIO_SPORTING.PNG;PALIO_SPORTING;https://raw.githubusercontent.com/rogersalles/car_models/main/PALIO_SPORTING.PNG
PCX.PNG;PCX;https://raw.githubusercontent.com/rogersalles/car_models/main/PCX.PNG
POLO.PNG;POLO;https://raw.githubusercontent.com/rogersalles/car_models/main/POLO.PNG
POLO_200_HIGHLINE-1.PNG;POLO_200_HIGHLINE-1;https://raw.githubusercontent.com/rogersalles/car_models/main/POLO_200_HIGHLINE-1.PNG
POLO_200_HIGHLINE.PNG;POLO_200_HIGHLINE;https://raw.githubusercontent.com/rogersalles/car_models/main/POLO_200_HIGHLINE.PNG
POLO_HIGHLINE.PNG;POLO_HIGHLINE;https://raw.githubusercontent.com/rogersalles/car_models/main/POLO_HIGHLINE.PNG
POLO_SEDAN.PNG;POLO_SEDAN;https://raw.githubusercontent.com/rogersalles/car_models/main/POLO_SEDAN.PNG
POLO_SEDAN_I.PNG;POLO_SEDAN_I;https://raw.githubusercontent.com/rogersalles/car_models/main/POLO_SEDAN_I.PNG
POP.PNG;POP;https://raw.githubusercontent.com/rogersalles/car_models/main/POP.PNG
PRISMA.PNG;PRISMA;https://raw.githubusercontent.com/rogersalles/car_models/main/PRISMA.PNG
PRISMA_JOY.PNG;PRISMA_JOY;https://raw.githubusercontent.com/rogersalles/car_models/main/PRISMA_JOY.PNG
PRISMA_LT.PNG;PRISMA_LT;https://raw.githubusercontent.com/rogersalles/car_models/main/PRISMA_LT.PNG
PULSE.PNG;PULSE;https://raw.githubusercontent.com/rogersalles/car_models/main/PULSE.PNG
PULSE_AUDACE.PNG;PULSE_AUDACE;https://raw.githubusercontent.com/rogersalles/car_models/main/PULSE_AUDACE.PNG
PULSE_IMPETUS.PNG;PULSE_IMPETUS;https://raw.githubusercontent.com/rogersalles/car_models/main/PULSE_IMPETUS.PNG
PUNTO_ATTRACTIVE.PNG;PUNTO_ATTRACTIVE;https://raw.githubusercontent.com/rogersalles/car_models/main/PUNTO_ATTRACTIVE.PNG
PUNTO_SPORTING.PNG;PUNTO_SPORTING;https://raw.githubusercontent.com/rogersalles/car_models/main/PUNTO_SPORTING.PNG
RAM_CLASSIC_LARAMIE.PNG;RAM_CLASSIC_LARAMIE;https://raw.githubusercontent.com/rogersalles/car_models/main/RAM_CLASSIC_LARAMIE.PNG
RAMPAGE.PNG;RAMPAGE;https://raw.githubusercontent.com/rogersalles/car_models/main/RAMPAGE.PNG
RANGE_ROVER_EVOQUE.PNG;RANGE_ROVER_EVOQUE;https://raw.githubusercontent.com/rogersalles/car_models/main/RANGE_ROVER_EVOQUE.PNG
RANGER.PNG;RANGER;https://raw.githubusercontent.com/rogersalles/car_models/main/RANGER.PNG
RANGER_BLACK.PNG;RANGER_BLACK;https://raw.githubusercontent.com/rogersalles/car_models/main/RANGER_BLACK.PNG
RANGER_LIMITED.PNG;RANGER_LIMITED;https://raw.githubusercontent.com/rogersalles/car_models/main/RANGER_LIMITED.PNG
RANGER_XLS.PNG;RANGER_XLS;https://raw.githubusercontent.com/rogersalles/car_models/main/RANGER_XLS.PNG
RANGER_XLT.PNG;RANGER_XLT;https://raw.githubusercontent.com/rogersalles/car_models/main/RANGER_XLT.PNG
RAV4.PNG;RAV4;https://raw.githubusercontent.com/rogersalles/car_models/main/RAV4.PNG
RENEGADE.PNG;RENEGADE;https://raw.githubusercontent.com/rogersalles/car_models/main/RENEGADE.PNG
RENEGADE_LONGITUDE.PNG;RENEGADE_LONGITUDE;https://raw.githubusercontent.com/rogersalles/car_models/main/RENEGADE_LONGITUDE.PNG
S10.PNG;S10;https://raw.githubusercontent.com/rogersalles/car_models/main/S10.PNG
S10_CABINE_SIMPLES.PNG;S10_CABINE_SIMPLES;https://raw.githubusercontent.com/rogersalles/car_models/main/S10_CABINE_SIMPLES.PNG
S10_CHASSI.PNG;S10_CHASSI;https://raw.githubusercontent.com/rogersalles/car_models/main/S10_CHASSI.PNG
S10_HIGH_COUNTRY.PNG;S10_HIGH_COUNTRY;https://raw.githubusercontent.com/rogersalles/car_models/main/S10_HIGH_COUNTRY.PNG
S10_LS.PNG;S10_LS;https://raw.githubusercontent.com/rogersalles/car_models/main/S10_LS.PNG
S10_LT.PNG;S10_LT;https://raw.githubusercontent.com/rogersalles/car_models/main/S10_LT.PNG
S10_LTZ.PNG;S10_LTZ;https://raw.githubusercontent.com/rogersalles/car_models/main/S10_LTZ.PNG
S10_MIDNIGHT.PNG;S10_MIDNIGHT;https://raw.githubusercontent.com/rogersalles/car_models/main/S10_MIDNIGHT.PNG
SAVEIRO.PNG;SAVEIRO;https://raw.githubusercontent.com/rogersalles/car_models/main/SAVEIRO.PNG
SCUDO.PNG;SCUDO;https://raw.githubusercontent.com/rogersalles/car_models/main/SCUDO.PNG
SCUDO_CARGO.PNG;SCUDO_CARGO;https://raw.githubusercontent.com/rogersalles/car_models/main/SCUDO_CARGO.PNG
SEAL.PNG;SEAL;https://raw.githubusercontent.com/rogersalles/car_models/main/SEAL.PNG
SEDAN_XL-1.PNG;SEDAN_XL-1;https://raw.githubusercontent.com/rogersalles/car_models/main/SEDAN_XL-1.PNG
SEM_FOTO.PNG;SEM_FOTO;https://raw.githubusercontent.com/rogersalles/car_models/main/SEM_FOTO.PNG
SIENA.PNG;SIENA;https://raw.githubusercontent.com/rogersalles/car_models/main/SIENA.PNG
SIENA_EL.PNG;SIENA_EL;https://raw.githubusercontent.com/rogersalles/car_models/main/SIENA_EL.PNG
SONG_PLUS.PNG;SONG_PLUS;https://raw.githubusercontent.com/rogersalles/car_models/main/SONG_PLUS.PNG
SPIN.PNG;SPIN;https://raw.githubusercontent.com/rogersalles/car_models/main/SPIN.PNG
SPIN_ACTIV.PNG;SPIN_ACTIV;https://raw.githubusercontent.com/rogersalles/car_models/main/SPIN_ACTIV.PNG
SPIN_LT.PNG;SPIN_LT;https://raw.githubusercontent.com/rogersalles/car_models/main/SPIN_LT.PNG
SPIN_LTZ.PNG;SPIN_LTZ;https://raw.githubusercontent.com/rogersalles/car_models/main/SPIN_LTZ.PNG
SPIN_PREMIER.PNG;SPIN_PREMIER;https://raw.githubusercontent.com/rogersalles/car_models/main/SPIN_PREMIER.PNG
SPORTAGE.PNG;SPORTAGE;https://raw.githubusercontent.com/rogersalles/car_models/main/SPORTAGE.PNG
SPORTAGE_EX.PNG;SPORTAGE_EX;https://raw.githubusercontent.com/rogersalles/car_models/main/SPORTAGE_EX.PNG
SPORTAGE_EX_P.263.PNG;SPORTAGE_EX_P.263;https://raw.githubusercontent.com/rogersalles/car_models/main/SPORTAGE_EX_P.263.PNG
STRADA.PNG;STRADA;https://raw.githubusercontent.com/rogersalles/car_models/main/STRADA.PNG
STRADA_ADVENTURE.PNG;STRADA_ADVENTURE;https://raw.githubusercontent.com/rogersalles/car_models/main/STRADA_ADVENTURE.PNG
STRADA_EDIZIONE_25.PNG;STRADA_EDIZIONE_25;https://raw.githubusercontent.com/rogersalles/car_models/main/STRADA_EDIZIONE_25.PNG
STRADA_ENDURANCE.PNG;STRADA_ENDURANCE;https://raw.githubusercontent.com/rogersalles/car_models/main/STRADA_ENDURANCE.PNG
STRADA_FREEDOM.PNG;STRADA_FREEDOM;https://raw.githubusercontent.com/rogersalles/car_models/main/STRADA_FREEDOM.PNG
STRADA_HARD_WORKING.PNG;STRADA_HARD_WORKING;https://raw.githubusercontent.com/rogersalles/car_models/main/STRADA_HARD_WORKING.PNG
STRADA_RANCH.PNG;STRADA_RANCH;https://raw.githubusercontent.com/rogersalles/car_models/main/STRADA_RANCH.PNG
STRADA_ULTRA.PNG;STRADA_ULTRA;https://raw.githubusercontent.com/rogersalles/car_models/main/STRADA_ULTRA.PNG
STRADA_WORKING.PNG;STRADA_WORKING;https://raw.githubusercontent.com/rogersalles/car_models/main/STRADA_WORKING.PNG
SW4.PNG;SW4;https://raw.githubusercontent.com/rogersalles/car_models/main/SW4.PNG
SW4_SRX.PNG;SW4_SRX;https://raw.githubusercontent.com/rogersalles/car_models/main/SW4_SRX.PNG
T-CROSS-1.PNG;T-CROSS-1;https://raw.githubusercontent.com/rogersalles/car_models/main/T-CROSS-1.PNG
T-CROSS.PNG;T-CROSS;https://raw.githubusercontent.com/rogersalles/car_models/main/T-CROSS.PNG
T-CROSS_250.PNG;T-CROSS_250;https://raw.githubusercontent.com/rogersalles/car_models/main/T-CROSS_250.PNG
T-CROSS_COMFORTLINE.PNG;T-CROSS_COMFORTLINE;https://raw.githubusercontent.com/rogersalles/car_models/main/T-CROSS_COMFORTLINE.PNG
T-CROSS_HIGHLINE.PNG;T-CROSS_HIGHLINE;https://raw.githubusercontent.com/rogersalles/car_models/main/T-CROSS_HIGHLINE.PNG
T-CROSS_SENSE.PNG;T-CROSS_SENSE;https://raw.githubusercontent.com/rogersalles/car_models/main/T-CROSS_SENSE.PNG
T_CROSS.PNG;T_CROSS;https://raw.githubusercontent.com/rogersalles/car_models/main/T_CROSS.PNG
T_CROSS_250.PNG;T_CROSS_250;https://raw.githubusercontent.com/rogersalles/car_models/main/T_CROSS_250.PNG
TCROSS-1.PNG;TCROSS-1;https://raw.githubusercontent.com/rogersalles/car_models/main/TCROSS-1.PNG
TCROSS.PNG;TCROSS;https://raw.githubusercontent.com/rogersalles/car_models/main/TCROSS.PNG
TERA.PNG;TERA;https://raw.githubusercontent.com/rogersalles/car_models/main/TERA.PNG
TIGGO-1.PNG;TIGGO-1;https://raw.githubusercontent.com/rogersalles/car_models/main/TIGGO-1.PNG
TIGGO.PNG;TIGGO;https://raw.githubusercontent.com/rogersalles/car_models/main/TIGGO.PNG
TIGGO_2_ACT-1.PNG;TIGGO_2_ACT-1;https://raw.githubusercontent.com/rogersalles/car_models/main/TIGGO_2_ACT-1.PNG
TIGGO_2_ACT.PNG;TIGGO_2_ACT;https://raw.githubusercontent.com/rogersalles/car_models/main/TIGGO_2_ACT.PNG
TIGGO_2_LOOK.PNG;TIGGO_2_LOOK;https://raw.githubusercontent.com/rogersalles/car_models/main/TIGGO_2_LOOK.PNG
TIGGO_5X_PRO_HYBRID.PNG;TIGGO_5X_PRO_HYBRID;https://raw.githubusercontent.com/rogersalles/car_models/main/TIGGO_5X_PRO_HYBRID.PNG
TIGGO_5X_SPORT.PNG;TIGGO_5X_SPORT;https://raw.githubusercontent.com/rogersalles/car_models/main/TIGGO_5X_SPORT.PNG
TIGGO_5X_TXS.PNG;TIGGO_5X_TXS;https://raw.githubusercontent.com/rogersalles/car_models/main/TIGGO_5X_TXS.PNG
TIGGO_7_PRO.PNG;TIGGO_7_PRO;https://raw.githubusercontent.com/rogersalles/car_models/main/TIGGO_7_PRO.PNG
TIGGO_7_TXS.PNG;TIGGO_7_TXS;https://raw.githubusercontent.com/rogersalles/car_models/main/TIGGO_7_TXS.PNG
TIGGO_8-1.PNG;TIGGO_8-1;https://raw.githubusercontent.com/rogersalles/car_models/main/TIGGO_8-1.PNG
TIGGO_8_FOUNDER'S_EDITION.PNG;TIGGO_8_FOUNDER'S_EDITION;https://raw.githubusercontent.com/rogersalles/car_models/main/TIGGO_8_FOUNDER'S_EDITION.PNG
TIGGO_8_PRO.PNG;TIGGO_8_PRO;https://raw.githubusercontent.com/rogersalles/car_models/main/TIGGO_8_PRO.PNG
TIGGO_8_PRO_HYBRID.PNG;TIGGO_8_PRO_HYBRID;https://raw.githubusercontent.com/rogersalles/car_models/main/TIGGO_8_PRO_HYBRID.PNG
TIGGO_8_TXS.PNG;TIGGO_8_TXS;https://raw.githubusercontent.com/rogersalles/car_models/main/TIGGO_8_TXS.PNG
TIGUAN.PNG;TIGUAN;https://raw.githubusercontent.com/rogersalles/car_models/main/TIGUAN.PNG
TIGUAN_ALLSPACE_R-LINE.PNG;TIGUAN_ALLSPACE_R-LINE;https://raw.githubusercontent.com/rogersalles/car_models/main/TIGUAN_ALLSPACE_R-LINE.PNG
TITANO.PNG;TITANO;https://raw.githubusercontent.com/rogersalles/car_models/main/TITANO.PNG
TITANO_VOLCANO.PNG;TITANO_VOLCANO;https://raw.githubusercontent.com/rogersalles/car_models/main/TITANO_VOLCANO.PNG
TORO.PNG;TORO;https://raw.githubusercontent.com/rogersalles/car_models/main/TORO.PNG
TORO_ENDURANCE.PNG;TORO_ENDURANCE;https://raw.githubusercontent.com/rogersalles/car_models/main/TORO_ENDURANCE.PNG
TORO_FREEDOM.PNG;TORO_FREEDOM;https://raw.githubusercontent.com/rogersalles/car_models/main/TORO_FREEDOM.PNG
TORO_ULTRA.PNG;TORO_ULTRA;https://raw.githubusercontent.com/rogersalles/car_models/main/TORO_ULTRA.PNG
TORO_VOLCANO.PNG;TORO_VOLCANO;https://raw.githubusercontent.com/rogersalles/car_models/main/TORO_VOLCANO.PNG
TOYOTA_CAMRY.PNG;TOYOTA_CAMRY;https://raw.githubusercontent.com/rogersalles/car_models/main/TOYOTA_CAMRY.PNG
TRACKER.PNG;TRACKER;https://raw.githubusercontent.com/rogersalles/car_models/main/TRACKER.PNG
TRACKER_MIDNIGHT.PNG;TRACKER_MIDNIGHT;https://raw.githubusercontent.com/rogersalles/car_models/main/TRACKER_MIDNIGHT.PNG
TRACKER_RS.PNG;TRACKER_RS;https://raw.githubusercontent.com/rogersalles/car_models/main/TRACKER_RS.PNG
TRANSIT_MINIBUS.PNG;TRANSIT_MINIBUS;https://raw.githubusercontent.com/rogersalles/car_models/main/TRANSIT_MINIBUS.PNG
TUCSON.PNG;TUCSON;https://raw.githubusercontent.com/rogersalles/car_models/main/TUCSON.PNG
TUCSON_GLS.PNG;TUCSON_GLS;https://raw.githubusercontent.com/rogersalles/car_models/main/TUCSON_GLS.PNG
UNO.PNG;UNO;https://raw.githubusercontent.com/rogersalles/car_models/main/UNO.PNG
UNO_DRIVE.PNG;UNO_DRIVE;https://raw.githubusercontent.com/rogersalles/car_models/main/UNO_DRIVE.PNG
UNO_SPORTING.PNG;UNO_SPORTING;https://raw.githubusercontent.com/rogersalles/car_models/main/UNO_SPORTING.PNG
UNO_WAY.PNG;UNO_WAY;https://raw.githubusercontent.com/rogersalles/car_models/main/UNO_WAY.PNG
UP!.PNG;UP!;https://raw.githubusercontent.com/rogersalles/car_models/main/UP!.PNG
UP!_E_MOVE.PNG;UP!_E_MOVE;https://raw.githubusercontent.com/rogersalles/car_models/main/UP!_E_MOVE.PNG
UP!_MOVE.PNG;UP!_MOVE;https://raw.githubusercontent.com/rogersalles/car_models/main/UP!_MOVE.PNG
UP!_TAKE.PNG;UP!_TAKE;https://raw.githubusercontent.com/rogersalles/car_models/main/UP!_TAKE.PNG
VERSA.PNG;VERSA;https://raw.githubusercontent.com/rogersalles/car_models/main/VERSA.PNG
VIRTUS.PNG;VIRTUS;https://raw.githubusercontent.com/rogersalles/car_models/main/VIRTUS.PNG
VIRTUS_COMFORTLINE.PNG;VIRTUS_COMFORTLINE;https://raw.githubusercontent.com/rogersalles/car_models/main/VIRTUS_COMFORTLINE.PNG
VIRTUS_HIGHLINE.PNG;VIRTUS_HIGHLINE;https://raw.githubusercontent.com/rogersalles/car_models/main/VIRTUS_HIGHLINE.PNG
VOYAGE.PNG;VOYAGE;https://raw.githubusercontent.com/rogersalles/car_models/main/VOYAGE.PNG
WR-V.PNG;WR-V;https://raw.githubusercontent.com/rogersalles/car_models/main/WR-V.PNG
X-ADV.PNG;X-ADV;https://raw.githubusercontent.com/rogersalles/car_models/main/X-ADV.PNG
X1.PNG;X1;https://raw.githubusercontent.com/rogersalles/car_models/main/X1.PNG
X_ADV.PNG;X_ADV;https://raw.githubusercontent.com/rogersalles/car_models/main/X_ADV.PNG
XRE.PNG;XRE;https://raw.githubusercontent.com/rogersalles/car_models/main/XRE.PNG
XRE_190_ADVENTURE.PNG;XRE_190_ADVENTURE;https://raw.githubusercontent.com/rogersalles/car_models/main/XRE_190_ADVENTURE.PNG
YARIS.PNG;YARIS;https://raw.githubusercontent.com/rogersalles/car_models/main/YARIS.PNG
YARIS_CROSS.PNG;YARIS_CROSS;https://raw.githubusercontent.com/rogersalles/car_models/main/YARIS_CROSS.PNG
YUAN_PLUS.PNG;YUAN_PLUS;https://raw.githubusercontent.com/rogersalles/car_models/main/YUAN_PLUS.PNG
